X,Y,Z,Weight,State
0.014349,-0.084081,50.000000,0.970590,DETECTED
1.892741,-1.164750,50.000000,0.914340,DETECTED
0.059659,0.242313,50.000000,0.951466,DETECTED
-10.628503,-3.381618,36.104885,0.000000,TERMINATED
-8.344754,0.311422,30.641510,0.000000,TERMINATED
-0.186530,0.063724,50.000000,0.923483,DETECTED
0.482817,0.623307,50.000000,0.980296,DETECTED
1.251339,-0.161962,50.000000,0.878663,DETECTED
-0.005047,0.079663,50.000000,0.980296,DETECTED
-0.889880,-0.999471,50.000000,0.932718,DETECTED
-7.098494,6.599550,50.000000,0.079077,DETECTED
2.200470,-1.585148,50.000000,0.614119,DETECTED
-0.836392,-0.452271,50.000000,0.844378,DETECTED
2.680792,-9.447758,50.000000,0.184233,DETECTED
-0.387600,-0.039649,50.000000,0.923483,DETECTED
-0.690879,1.289366,50.000000,0.712973,DETECTED
0.027327,2.046723,50.000000,0.764404,DETECTED
-0.016205,0.002892,50.000000,0.980296,DETECTED
-0.208488,0.029579,50.000000,0.980296,DETECTED
-0.618973,0.377863,50.000000,0.970590,DETECTED
0.186939,0.362340,50.000000,0.980296,DETECTED
-0.083660,0.223641,50.000000,0.970590,DETECTED
0.264151,0.242850,50.000000,0.951466,DETECTED
-0.707319,0.266809,50.000000,0.803396,DETECTED
5.620398,-0.475257,34.888630,0.000000,TERMINATED
3.909023,4.764342,36.162258,0.000000,TERMINATED
1.491019,-0.703692,50.000000,0.914340,DETECTED
-0.104329,0.105138,50.000000,0.980296,DETECTED
-5.097881,5.452145,50.000000,0.064165,DETECTED
-1.601129,4.088702,50.000000,0.334695,DETECTED
0.424242,-0.802001,50.000000,0.942045,DETECTED
0.096224,0.037466,50.000000,0.914340,DETECTED
-0.367821,-1.367591,50.000000,0.896324,DETECTED
-0.434692,-0.334415,50.000000,0.970590,DETECTED
2.813579,-1.180043,50.000000,0.727304,DETECTED
0.033301,-0.278249,50.000000,0.720103,DETECTED
0.497957,0.797908,50.000000,0.914340,DETECTED
0.853031,-0.740099,50.000000,0.942045,DETECTED
-0.903182,1.122737,50.000000,0.914340,DETECTED
0.012229,0.190551,50.000000,0.951466,DETECTED
-0.013113,-0.090447,50.000000,0.980296,DETECTED
2.788750,-3.118045,50.000000,0.024199,DETECTED
1.566174,-1.037876,50.000000,0.878663,DETECTED
-2.972114,-10.620671,42.201946,0.000000,TERMINATED
-0.149908,-1.084874,50.000000,0.942045,DETECTED
8.562823,2.396029,50.000000,0.003690,DETECTED
-0.767781,-0.936838,50.000000,0.923483,DETECTED
-1.011441,-5.555634,50.000000,0.380914,DETECTED
-0.094523,-0.532434,50.000000,0.942045,DETECTED
0.002710,-0.059474,50.000000,0.861350,DETECTED
0.210372,-0.442677,50.000000,0.658419,DETECTED
-0.087661,-0.383066,50.000000,0.980296,DETECTED
0.014608,-0.163027,50.000000,0.980296,DETECTED
1.547147,1.538882,50.000000,0.878663,DETECTED
-1.224295,-0.190893,50.000000,0.960980,DETECTED
-2.311279,2.395912,50.000000,0.116569,DETECTED
0.722158,0.730321,50.000000,0.923483,DETECTED
0.992770,0.112228,50.000000,0.923483,DETECTED
-0.083367,0.384689,50.000000,0.980296,DETECTED
-0.027295,-0.005912,50.000000,0.980296,DETECTED
-0.929472,0.321216,50.000000,0.942045,DETECTED
0.004643,0.074043,50.000000,0.980296,DETECTED
-0.045307,-0.210294,50.000000,0.980296,DETECTED
8.298818,-2.818218,50.000000,0.085629,DETECTED
0.056510,0.029820,50.000000,0.980296,DETECTED
1.517110,-1.489582,50.000000,0.869963,DETECTED
-1.405177,-0.138427,50.000000,0.705914,DETECTED
1.182052,-0.092898,50.000000,0.896324,DETECTED
-0.926193,1.033321,50.000000,0.086485,DETECTED
-0.846036,-0.176146,50.000000,0.960980,DETECTED
-1.090649,1.858584,50.000000,0.905287,DETECTED
-5.769627,6.318478,50.000000,0.078294,DETECTED
-2.533024,-3.172523,50.000000,0.009310,DETECTED
3.732378,-1.076688,50.000000,0.639055,DETECTED
-3.680031,-1.228825,50.000000,0.811430,DETECTED
0.003700,-0.011724,50.000000,0.980296,DETECTED
-0.127449,-0.246186,50.000000,0.951466,DETECTED
-0.260166,0.321599,50.000000,0.932718,DETECTED
1.764360,-3.320518,50.000000,0.602019,DETECTED
-0.176133,-0.256220,50.000000,0.970590,DETECTED
3.064202,-1.861032,50.000000,0.072303,DETECTED
-0.187453,-0.093830,50.000000,0.960980,DETECTED
-1.186686,0.679464,50.000000,0.942045,DETECTED
0.432856,0.623315,50.000000,0.639055,DETECTED
5.361922,-0.041613,50.000000,0.416600,DETECTED
-0.828269,0.050838,50.000000,0.712973,DETECTED
0.065276,-0.098819,50.000000,0.980296,DETECTED
-0.795867,0.902870,50.000000,0.960980,DETECTED
2.720132,0.361065,50.000000,0.852821,DETECTED
0.564034,0.586848,50.000000,0.960980,DETECTED
-1.459588,-0.977369,50.000000,0.960980,DETECTED
0.620035,-1.863409,50.000000,0.878663,DETECTED
0.207884,-0.056918,50.000000,0.980296,DETECTED
-2.096206,11.959112,38.856499,0.000000,TERMINATED
-0.161735,-0.184761,50.000000,0.932718,DETECTED
0.198253,-3.199864,50.000000,0.692005,DETECTED
0.090916,-0.202160,50.000000,0.424974,DETECTED
-0.312796,0.255701,50.000000,0.534261,DETECTED
0.331215,-0.308671,50.000000,0.980296,DETECTED
-0.642889,-0.680737,50.000000,0.437851,DETECTED
-0.995486,-0.191780,50.000000,0.896324,DETECTED
-0.534036,0.649996,50.000000,0.836017,DETECTED
-2.142216,10.005870,38.024315,0.000000,TERMINATED
-4.600025,-4.721433,50.000000,0.056380,DETECTED
-0.360147,-0.717127,50.000000,0.932718,DETECTED
-4.909723,2.130316,50.000000,0.132666,DETECTED
-0.913148,0.147538,50.000000,0.914340,DETECTED
3.264274,-1.103224,50.000000,0.184233,DETECTED
-0.988119,-0.113705,50.000000,0.914340,DETECTED
18.925570,-5.304835,38.688160,0.000000,TERMINATED
0.147557,-0.624752,50.000000,0.960980,DETECTED
-0.225294,1.019425,50.000000,0.970590,DETECTED
-0.015873,-0.307378,50.000000,0.980296,DETECTED
-0.047478,0.030000,50.000000,0.980296,DETECTED
-2.437598,-0.292741,50.000000,0.795442,DETECTED
-0.542576,3.310508,50.000000,0.698925,DETECTED
0.437970,0.568337,50.000000,0.980296,DETECTED
-6.243051,-2.382476,50.000000,0.424974,DETECTED
0.991553,0.140993,50.000000,0.951466,DETECTED
-0.692070,-0.851939,50.000000,0.878663,DETECTED
-14.913668,-4.090581,50.034279,0.004974,ESCAPED
-1.484467,-2.632085,50.000000,0.377142,DETECTED
0.305523,1.871531,50.000000,0.787566,DETECTED
0.006381,-0.193867,50.000000,0.980296,DETECTED
1.060506,-8.041250,50.000000,0.071587,DETECTED
-0.090222,0.070974,50.000000,0.980296,DETECTED
0.987815,0.027363,50.000000,0.205543,DETECTED
-0.249992,1.474732,50.000000,0.942045,DETECTED
0.177080,0.243795,50.000000,0.114272,DETECTED
-0.239920,-0.001024,50.000000,0.734577,DETECTED
1.484385,0.813317,50.000000,0.905287,DETECTED
-2.555957,7.179654,50.000000,0.135333,DETECTED
0.125339,-0.275240,50.000000,0.970590,DETECTED
-0.963075,-1.140033,50.000000,0.705914,DETECTED
0.712570,-0.475117,50.000000,0.970590,DETECTED
1.513249,0.796531,50.000000,0.852821,DETECTED
0.531662,0.540854,50.000000,0.970590,DETECTED
-0.497064,-0.737620,50.000000,0.932718,DETECTED
0.374058,1.602019,50.000000,0.869963,DETECTED
-0.097449,0.573245,50.000000,0.923483,DETECTED
0.649387,-0.363599,50.000000,0.932718,DETECTED
0.412716,-0.969696,50.000000,0.184233,DETECTED
-0.295695,0.135124,50.000000,0.960980,DETECTED
-0.027176,-0.768963,50.000000,0.980296,DETECTED
-0.946742,-0.579087,50.000000,0.942045,DETECTED
-6.720403,-7.786699,45.424328,0.000000,TERMINATED
0.212807,-0.009912,50.000000,0.980296,DETECTED
-4.425795,3.156928,47.014854,0.000000,TERMINATED
-6.279390,1.804067,50.000000,0.000124,DETECTED
-0.030843,-0.443034,50.000000,0.970590,DETECTED
-1.508237,-2.215932,50.000000,0.614119,DETECTED
-0.373897,-0.288182,50.000000,0.942045,DETECTED
-0.141001,-2.035598,50.000000,0.388570,DETECTED
-3.780769,0.758228,50.000000,0.639055,DETECTED
0.476944,2.720370,50.000000,0.844378,DETECTED
-7.862109,3.417493,50.000000,0.184233,DETECTED
4.012659,-1.312392,50.000000,0.224799,DETECTED
5.709089,-5.066607,50.000000,0.099413,DETECTED
0.244625,1.404038,50.000000,0.960980,DETECTED
-1.141564,-2.208200,50.000000,0.803396,DETECTED
0.356832,-0.020268,50.000000,0.980296,DETECTED
0.043784,-0.111520,50.000000,0.980296,DETECTED
0.373258,0.093184,50.000000,0.960980,DETECTED
-0.596001,2.299505,50.000000,0.779769,DETECTED
0.209106,-0.170789,50.000000,0.980296,DETECTED
-4.528530,-2.664078,50.000000,0.351768,DETECTED
-0.281080,0.881289,50.000000,0.896324,DETECTED
-0.404159,-0.947155,50.000000,0.932718,DETECTED
1.276246,1.472184,50.000000,0.827740,DETECTED
-1.839432,0.000335,50.000000,0.756836,DETECTED
0.528872,-0.003297,50.000000,0.980296,DETECTED
-0.125253,-0.008818,50.000000,0.896324,DETECTED
-0.205870,0.086897,50.000000,0.980296,DETECTED
0.259309,0.125078,50.000000,0.980296,DETECTED
-1.607111,0.527161,50.000000,0.811430,DETECTED
6.016026,0.710587,50.000000,0.578528,DETECTED
-4.156772,4.976332,25.393999,0.000000,TERMINATED
0.317830,-0.432501,50.000000,0.970590,DETECTED
-3.506066,-0.636375,50.000000,0.692005,DETECTED
1.456160,-0.220049,50.000000,0.861350,DETECTED
0.147858,-0.092367,50.000000,0.980296,DETECTED
0.225229,-0.751469,50.000000,0.905287,DETECTED
-4.946847,-2.128960,50.000000,0.488496,DETECTED
-0.093790,-0.119770,50.000000,0.932718,DETECTED
-21.937559,10.784048,39.742596,0.000000,TERMINATED
0.266186,0.136161,50.000000,0.942045,DETECTED
-1.892893,2.156605,50.000000,0.258400,DETECTED
-0.044808,0.032285,50.000000,0.980296,DETECTED
-3.238239,9.868762,50.223122,0.000265,ESCAPED
3.526648,1.696144,50.000000,0.590157,DETECTED
0.035305,-2.900020,50.000000,0.905287,DETECTED
7.030591,-4.039588,50.000000,0.006704,DETECTED
-1.478834,0.245594,50.000000,0.092724,DETECTED
-1.452857,1.391206,50.000000,0.951466,DETECTED
-0.073969,0.120849,50.000000,0.980296,DETECTED
0.296998,-0.155270,50.000000,0.923483,DETECTED
4.785336,5.436796,45.112877,0.000000,TERMINATED
-1.558396,-0.411034,50.000000,0.741923,DETECTED
-0.422067,-0.345041,50.000000,0.861350,DETECTED
-1.183852,-0.694485,50.000000,0.896324,DETECTED
-1.648328,-0.905723,50.000000,0.951466,DETECTED
0.635509,-0.464423,50.000000,0.923483,DETECTED
8.751236,-4.093193,34.920437,0.000000,TERMINATED
-0.061468,-9.178164,50.451939,0.229317,ESCAPED
-3.386893,-2.242180,50.000000,0.400344,DETECTED
-0.004131,-0.170074,50.000000,0.960980,DETECTED
-0.747573,-0.406502,50.000000,0.960980,DETECTED
-0.155955,0.272163,50.000000,0.914340,DETECTED
-1.534895,-5.733500,50.000000,0.380914,DETECTED
-1.844322,0.734465,50.000000,0.942045,DETECTED
5.271435,1.449271,50.000000,0.645446,DETECTED
0.993310,0.477192,50.000000,0.951466,DETECTED
-1.949013,0.617250,50.000000,0.861350,DETECTED
-0.212904,0.437580,50.000000,0.932718,DETECTED
-0.288057,-0.077043,50.000000,0.951466,DETECTED
-0.333194,2.723998,50.000000,0.578528,DETECTED
-1.637615,0.929802,50.000000,0.923483,DETECTED
-1.705619,-1.525152,50.000000,0.727304,DETECTED
-0.336176,0.217849,50.000000,0.970590,DETECTED
0.808047,-0.432135,50.000000,0.951466,DETECTED
0.619933,-0.466284,50.000000,0.914340,DETECTED
-8.055331,14.014075,35.819576,0.000000,TERMINATED
0.686876,-2.507008,50.000000,0.528971,DETECTED
0.954996,0.575190,50.000000,0.852821,DETECTED
0.267834,0.119086,50.000000,0.980296,DETECTED
-1.832069,0.168397,50.000000,0.756836,DETECTED
-0.589440,0.005889,50.000000,0.942045,DETECTED
-0.299294,-0.343032,50.000000,0.970590,DETECTED
0.256607,0.329643,50.000000,0.960980,DETECTED
0.044457,0.454686,50.000000,0.970590,DETECTED
-1.026070,-1.699860,50.000000,0.698925,DETECTED
-6.395665,-0.532261,50.000000,0.572800,DETECTED
0.003113,-0.030336,50.000000,0.980296,DETECTED
-0.318127,-1.667002,50.000000,0.852821,DETECTED
2.737792,4.370760,50.000000,0.096489,DETECTED
-0.230121,-0.874639,50.000000,0.960980,DETECTED
-10.844003,-2.979048,50.359322,0.000504,ESCAPED
0.167700,-0.128761,50.000000,0.980296,DETECTED
-0.926202,0.206939,50.000000,0.932718,DETECTED
-1.075800,1.499991,50.000000,0.698925,DETECTED
-0.062096,0.620280,50.000000,0.923483,DETECTED
3.298494,-3.955010,50.000000,0.433516,DETECTED
0.042278,0.010688,50.000000,0.980296,DETECTED
-1.533654,-1.779993,50.000000,0.173555,DETECTED
-0.514654,0.610773,50.000000,0.905287,DETECTED
-0.070225,0.114233,50.000000,0.980296,DETECTED
1.976049,1.212418,50.000000,0.819544,DETECTED
0.593860,0.034233,50.000000,0.861350,DETECTED
1.291538,-2.480692,50.000000,0.914340,DETECTED
-0.023782,-0.804652,50.000000,0.878663,DETECTED
1.840927,1.435667,50.000000,0.905287,DETECTED
0.074910,0.119561,50.000000,0.980296,DETECTED
1.464302,1.112390,50.000000,0.942045,DETECTED
2.247298,-1.774744,50.000000,0.469435,DETECTED
3.204205,-2.058872,50.000000,0.819544,DETECTED
0.015372,0.003781,50.000000,0.980296,DETECTED
0.030658,-3.572859,50.000000,0.388570,DETECTED
0.850031,0.063171,50.000000,0.923483,DETECTED
-0.136255,-2.386686,50.000000,0.321635,DETECTED
-0.110728,-1.476695,50.000000,0.756836,DETECTED
-0.242686,-0.113231,50.000000,0.980296,DETECTED
0.851789,0.200687,50.000000,0.960980,DETECTED
-2.010151,0.641761,50.000000,0.749342,DETECTED
-5.994216,5.876392,50.000000,0.166783,DETECTED
-0.287897,0.255206,50.000000,0.970590,DETECTED
1.801370,-0.542796,50.000000,0.970590,DETECTED
-12.928118,-0.644002,50.103779,0.001107,ESCAPED
2.518194,-3.858752,50.000000,0.128765,DETECTED
-0.048823,-0.755396,50.000000,0.905287,DETECTED
0.095123,-0.232080,50.000000,0.960980,DETECTED
0.157966,0.280020,50.000000,0.980296,DETECTED
-0.217533,1.164056,50.000000,0.932718,DETECTED
3.389298,-1.300309,50.000000,0.692005,DETECTED
-0.737353,0.370613,50.000000,0.905287,DETECTED
-2.380411,1.692914,50.000000,0.819544,DETECTED
-0.413402,1.348958,50.000000,0.951466,DETECTED
-0.483748,-0.848712,50.000000,0.951466,DETECTED
-0.101303,-0.401651,50.000000,0.869963,DETECTED
0.090665,-0.065140,50.000000,0.970590,DETECTED
0.562976,-1.900795,50.000000,0.887449,DETECTED
0.300135,-0.613388,50.000000,0.923483,DETECTED
0.400619,-1.002702,50.000000,0.970590,DETECTED
0.167372,-0.410895,50.000000,0.960980,DETECTED
-1.774637,16.030966,47.158104,0.000000,TERMINATED
0.089872,-0.355407,50.000000,0.896324,DETECTED
-0.554050,-0.125213,50.000000,0.960980,DETECTED
0.586420,-0.028187,50.000000,0.923483,DETECTED
-0.031185,-0.933796,50.000000,0.951466,DETECTED
-3.108014,-5.121539,50.000000,0.469435,DETECTED
6.966195,5.511435,50.000000,0.324851,DETECTED
5.501755,11.353407,40.994434,0.000000,TERMINATED
0.257179,0.192268,50.000000,0.756836,DETECTED
-0.912983,-0.981887,50.000000,0.836017,DETECTED
-1.342930,0.081698,50.000000,0.803396,DETECTED
0.970343,0.154986,50.000000,0.914340,DETECTED
4.633226,10.653686,50.185783,0.031658,ESCAPED
-0.032502,-0.023567,50.000000,0.980296,DETECTED
-0.879048,-1.934258,50.000000,0.705914,DETECTED
-0.072587,0.047732,50.000000,0.980296,DETECTED
-1.296855,-0.823426,50.000000,0.749342,DETECTED
0.383215,-1.070858,50.000000,0.932718,DETECTED
0.179495,0.057859,50.000000,0.980296,DETECTED
-0.070909,-0.004872,50.000000,0.960980,DETECTED
-0.598074,0.508587,50.000000,0.923483,DETECTED
0.210833,0.618059,50.000000,0.861350,DETECTED
0.328286,1.359616,50.000000,0.869963,DETECTED
1.763984,4.227805,50.000000,0.073756,DETECTED
-0.560738,-0.038689,50.000000,0.980296,DETECTED
-0.153809,-0.047578,50.000000,0.620261,DETECTED
0.370476,-0.643951,50.000000,0.970590,DETECTED
0.283828,0.629480,50.000000,0.980296,DETECTED
0.562111,0.123631,50.000000,0.932718,DETECTED
0.332594,-0.232381,50.000000,0.645446,DETECTED
-0.044432,-0.038010,50.000000,0.960980,DETECTED
-0.119911,-0.026008,50.000000,0.980296,DETECTED
-2.078173,-1.879064,50.000000,0.741923,DETECTED
-0.460607,-0.417309,50.000000,0.561514,DETECTED
-1.160883,-0.576639,50.000000,0.932718,DETECTED
0.436309,-0.138410,50.000000,0.980296,DETECTED
0.465943,-0.066682,50.000000,0.905287,DETECTED
0.371629,-0.041467,50.000000,0.960980,DETECTED
-4.207477,2.806304,50.000000,0.685153,DETECTED
-0.989701,-0.016687,50.000000,0.827740,DETECTED
-0.267033,-0.461715,50.000000,0.932718,DETECTED
0.373181,0.424015,50.000000,0.887449,DETECTED
6.380216,-17.041578,50.061447,0.000169,ESCAPED
0.115652,1.276695,50.000000,0.905287,DETECTED
1.076342,-0.923144,50.000000,0.923483,DETECTED
0.677197,1.284641,50.000000,0.734577,DETECTED
-0.501411,-0.722217,50.000000,0.960980,DETECTED
0.691250,-1.938262,42.894138,0.000000,TERMINATED
1.992152,0.677610,50.000000,0.741923,DETECTED
1.132091,1.442254,50.000000,0.942045,DETECTED
-1.154079,10.232640,50.328335,0.001584,ESCAPED
1.020336,-1.136135,50.000000,0.720103,DETECTED
1.385000,0.930845,50.000000,0.803396,DETECTED
0.886438,-0.476074,50.000000,0.658419,DETECTED
0.836365,0.652732,50.000000,0.852821,DETECTED
-14.964713,-10.212916,27.139866,0.000000,TERMINATED
1.228704,-0.015773,50.000000,0.182409,DETECTED
-9.579585,-5.877917,37.285057,0.000000,TERMINATED
1.004694,-0.139503,50.000000,0.951466,DETECTED
2.547559,-0.160493,50.000000,0.727304,DETECTED
-0.215886,-0.371652,50.000000,0.932718,DETECTED
0.853842,0.189576,50.000000,0.960980,DETECTED
0.268388,0.200397,50.000000,0.980296,DETECTED
-0.714489,0.116221,50.000000,0.795442,DETECTED
1.814744,-0.711460,50.000000,0.756836,DETECTED
-0.100028,-0.012941,50.000000,0.980296,DETECTED
-9.502900,0.330759,50.000000,0.023723,DETECTED
0.277956,0.136525,50.000000,0.970590,DETECTED
2.118779,-0.071990,50.000000,0.905287,DETECTED
-0.798031,0.758283,50.000000,0.951466,DETECTED
-0.950785,-0.355659,50.000000,0.658419,DETECTED
-0.035650,0.300820,50.000000,0.951466,DETECTED
0.278363,-0.854316,50.000000,0.932718,DETECTED
-2.332508,-0.029247,50.000000,0.923483,DETECTED
-0.157780,0.338877,50.000000,0.970590,DETECTED
-1.706447,0.674353,50.000000,0.844378,DETECTED
-2.317374,0.511191,50.000000,0.734577,DETECTED
-0.261944,-0.133599,50.000000,0.970590,DETECTED
-0.823773,0.075979,50.000000,0.923483,DETECTED
0.328183,-0.742411,50.000000,0.914340,DETECTED
-0.782250,-0.328453,50.000000,0.951466,DETECTED
-0.033196,0.138962,50.000000,0.970590,DETECTED
-0.183683,0.787645,50.000000,0.970590,DETECTED
0.374890,-0.456553,50.000000,0.970590,DETECTED
-0.295248,0.246270,50.000000,0.550450,DETECTED
-0.268576,1.443482,50.000000,0.923483,DETECTED
-0.222729,0.068760,50.000000,0.970590,DETECTED
0.607423,-0.347459,50.000000,0.844378,DETECTED
0.081567,0.918388,50.000000,0.905287,DETECTED
0.099344,0.038016,50.000000,0.980296,DETECTED
5.343772,2.205184,42.882572,0.000000,TERMINATED
-7.091304,-7.196035,50.091156,0.002052,ESCAPED
-1.321079,0.081081,50.000000,0.970590,DETECTED
0.169433,2.884442,50.000000,0.749342,DETECTED
-0.102798,0.112035,50.000000,0.980296,DETECTED
2.704662,-1.526051,50.000000,0.420766,DETECTED
0.062348,-0.176859,50.000000,0.980296,DETECTED
0.050327,-0.049911,50.000000,0.980296,DETECTED
0.274768,-0.108596,50.000000,0.960980,DETECTED
0.528996,0.030237,50.000000,0.951466,DETECTED
0.288706,-0.264583,50.000000,0.960980,DETECTED
-0.912355,-1.665619,50.000000,0.914340,DETECTED
2.838852,3.642571,50.000000,0.712973,DETECTED
-0.062873,-1.201940,50.000000,0.878663,DETECTED
5.831709,-3.227735,50.000000,0.139434,DETECTED
-0.576107,-1.579340,50.000000,0.819544,DETECTED
-0.229313,0.272030,50.000000,0.960980,DETECTED
-0.047046,0.262270,50.000000,0.942045,DETECTED
0.097001,0.526856,50.000000,0.960980,DETECTED
-0.192802,0.135409,50.000000,0.970590,DETECTED
2.842289,1.541591,50.000000,0.705914,DETECTED
0.022176,0.030040,50.000000,0.980296,DETECTED
-7.509422,-6.807126,43.990643,0.000000,TERMINATED
-3.636019,-1.036437,50.000000,0.671653,DETECTED
-1.182658,-0.497894,50.000000,0.887449,DETECTED
0.203828,-0.355379,50.000000,0.980296,DETECTED
-0.768619,-0.344399,50.000000,0.942045,DETECTED
0.042274,1.093649,50.000000,0.942045,DETECTED
-1.097433,-0.371636,50.000000,0.869963,DETECTED
0.183619,-0.143674,50.000000,0.980296,DETECTED
-0.155027,-0.004261,50.000000,0.980296,DETECTED
1.704105,-0.126210,50.000000,0.811430,DETECTED
0.568193,-1.692938,50.000000,0.951466,DETECTED
0.036702,1.192106,50.000000,0.905287,DETECTED
0.107333,-0.504079,50.000000,0.960980,DETECTED
0.673010,-0.674247,50.000000,0.942045,DETECTED
-0.249533,0.545146,50.000000,0.932718,DETECTED
0.533769,-0.794748,50.000000,0.827740,DETECTED
0.347066,-1.145326,50.000000,0.932718,DETECTED
-2.549834,0.996848,50.000000,0.041005,DETECTED
-2.584691,1.766570,50.000000,0.508331,DETECTED
0.139752,-0.644079,50.000000,0.970590,DETECTED
1.650466,3.018713,50.000000,0.483660,DETECTED
-1.527540,0.548631,50.000000,0.905287,DETECTED
1.551811,1.564803,50.000000,0.620261,DETECTED
7.355474,4.728186,50.000000,0.001175,DETECTED
-1.785472,2.637336,50.000000,0.555954,DETECTED
0.736731,-0.225561,50.000000,0.878663,DETECTED
-0.678261,0.372247,50.000000,0.960980,DETECTED
-0.296427,-0.738076,50.000000,0.942045,DETECTED
-1.480937,2.005517,27.687218,0.000000,TERMINATED
1.191818,0.314050,50.000000,0.951466,DETECTED
0.224489,-0.850434,50.000000,0.951466,DETECTED
0.096864,0.063721,50.000000,0.970590,DETECTED
0.115632,-1.281364,50.000000,0.960980,DETECTED
0.305894,0.744383,50.000000,0.951466,DETECTED
0.796488,1.564459,50.000000,0.149492,DETECTED
0.002883,-3.048618,50.000000,0.377142,DETECTED
-0.915190,0.794081,50.000000,0.914340,DETECTED
1.847023,-1.765665,50.000000,0.869963,DETECTED
-5.053862,11.391876,50.036087,0.000499,ESCAPED
-0.069579,-0.281691,50.000000,0.942045,DETECTED
-0.503159,0.034375,50.000000,0.970590,DETECTED
1.843459,-1.416439,50.000000,0.819544,DETECTED
1.465689,-3.069799,50.000000,0.351768,DETECTED
-1.678279,-2.941883,50.000000,0.222573,DETECTED
0.456812,0.848067,50.000000,0.951466,DETECTED
-3.764686,-1.180501,50.000000,0.620261,DETECTED
0.025850,0.886151,50.000000,0.942045,DETECTED
-2.013403,-2.508747,50.000000,0.064807,DETECTED
-0.506487,-3.037768,50.000000,0.632728,DETECTED
0.249163,0.493906,50.000000,0.878663,DETECTED
10.104589,9.301834,38.970249,0.000000,TERMINATED
-2.728141,-2.531733,50.000000,0.404348,DETECTED
3.864067,-6.276716,50.000000,0.140828,DETECTED
-2.321621,1.424525,50.000000,0.518549,DETECTED
-3.808922,0.845309,50.000000,0.121302,DETECTED
4.129800,18.601894,23.361486,0.000000,TERMINATED
0.472594,-1.123369,50.000000,0.852821,DETECTED
1.418342,-0.708882,50.000000,0.923483,DETECTED
0.452770,-0.838332,50.000000,0.932718,DETECTED
7.975466,-0.988317,33.680935,0.000000,TERMINATED
1.483176,0.180659,50.000000,0.951466,DETECTED
7.273192,1.258886,22.365580,0.000000,TERMINATED
0.806487,0.042652,50.000000,0.844378,DETECTED
0.869944,-2.589846,50.000000,0.148012,DETECTED
-0.944555,0.522573,50.000000,0.878663,DETECTED
-0.548051,0.005046,50.000000,0.980296,DETECTED
0.544710,0.501041,50.000000,0.844378,DETECTED
0.751746,3.501177,50.000000,0.692005,DETECTED
0.735998,4.195206,50.000000,0.534261,DETECTED
1.509982,0.685619,50.000000,0.795442,DETECTED
-0.267917,-0.637399,50.000000,0.970590,DETECTED
0.410880,0.319195,50.000000,0.942045,DETECTED
0.333845,-0.333996,50.000000,0.970590,DETECTED
0.428913,-0.097263,50.000000,0.827740,DETECTED
-3.876934,-0.466474,50.000000,0.852821,DETECTED
2.055658,-1.753327,50.000000,0.720103,DETECTED
1.372632,1.991023,50.000000,0.727304,DETECTED
0.689640,-1.540186,50.000000,0.344836,DETECTED
0.889670,1.305075,50.000000,0.764404,DETECTED
2.096456,-2.535664,50.000000,0.749342,DETECTED
0.234937,-0.585496,50.000000,0.878663,DETECTED
-0.609585,0.299920,50.000000,0.970590,DETECTED
1.760027,1.949865,50.000000,0.896324,DETECTED
1.517562,-0.916433,50.000000,0.795442,DETECTED
-4.668560,-3.233843,42.777142,0.000000,TERMINATED
-4.512017,3.927429,50.000000,0.095534,DETECTED
-0.321590,-0.835391,50.000000,0.878663,DETECTED
4.759111,2.932484,50.000000,0.550450,DETECTED
-0.823685,1.317813,50.000000,0.923483,DETECTED
-0.050380,0.562830,50.000000,0.970590,DETECTED
-3.003356,-1.780164,50.000000,0.626463,DETECTED
0.137655,0.069733,50.000000,0.970590,DETECTED
1.414685,1.677397,50.000000,0.764404,DETECTED
0.909650,2.675184,50.000000,0.028376,DETECTED
0.128320,0.423731,50.000000,0.980296,DETECTED
0.627422,-0.259298,50.000000,0.970590,DETECTED
4.849391,-4.683154,50.000000,0.170136,DETECTED
-4.415503,9.305653,48.717823,0.000000,TERMINATED
2.084659,-1.219439,50.000000,0.869963,DETECTED
-0.391323,-0.838360,50.000000,0.645446,DETECTED
-0.002071,0.123608,50.000000,0.861350,DETECTED
-0.592542,-2.848239,50.000000,0.720103,DETECTED
-0.125818,-3.783699,50.000000,0.923483,DETECTED
2.448739,8.139762,50.000000,0.157117,DETECTED
-1.019350,-4.914425,50.000000,0.271581,DETECTED
-1.212248,0.673713,50.000000,0.932718,DETECTED
1.338954,4.081264,50.000000,0.429223,DETECTED
-0.740065,0.037354,50.000000,0.844378,DETECTED
11.248332,10.522488,40.963615,0.000000,TERMINATED
1.234843,-0.378701,50.000000,0.905287,DETECTED
1.583637,-1.614612,50.000000,0.245859,DETECTED
1.241743,0.472165,50.000000,0.000660,DETECTED
3.479594,2.022068,50.000000,0.128765,DETECTED
-0.018715,0.021435,50.000000,0.980296,DETECTED
-0.088807,1.738646,50.000000,0.665003,DETECTED
-0.235683,-1.102942,50.000000,0.932718,DETECTED
-5.454092,-1.570550,50.000000,0.083942,DETECTED
0.184943,0.011557,50.000000,0.960980,DETECTED
-0.598390,-0.245478,50.000000,0.932718,DETECTED
2.380822,-1.272732,50.000000,0.756836,DETECTED
0.436397,-0.379564,50.000000,0.980296,DETECTED
-6.688284,4.811399,50.000000,0.113141,DETECTED
-0.939300,2.134345,50.000000,0.369711,DETECTED
-2.347663,-1.486744,50.000000,0.182409,DETECTED
-0.589911,0.100655,50.000000,0.980296,DETECTED
-0.089726,0.132985,50.000000,0.980296,DETECTED
-0.668024,-0.018533,50.000000,0.951466,DETECTED
0.321747,-0.608488,50.000000,0.639055,DETECTED
0.146862,-0.849043,50.000000,0.951466,DETECTED
2.298796,2.477312,50.000000,0.503298,DETECTED
-2.123427,3.773242,50.000000,0.678370,DETECTED
-0.145752,-0.364545,50.000000,0.861350,DETECTED
0.202673,0.066912,50.000000,0.970590,DETECTED
-2.622207,1.744531,50.000000,0.046668,DETECTED
0.076672,-0.079101,50.000000,0.960980,DETECTED
-1.549672,0.251138,50.000000,0.007117,DETECTED
-9.226344,1.603390,35.775723,0.000000,TERMINATED
0.420524,0.876660,50.000000,0.942045,DETECTED
-0.000394,-0.001094,50.000000,0.980296,DETECTED
-0.026755,0.442863,50.000000,0.960980,DETECTED
0.200653,-0.152438,50.000000,0.960980,DETECTED
-0.186264,-0.119106,50.000000,0.980296,DETECTED
0.044303,-0.757352,50.000000,0.980296,DETECTED
0.147574,0.017137,50.000000,0.980296,DETECTED
0.815699,-0.758698,50.000000,0.905287,DETECTED
-0.296648,-0.231618,50.000000,0.960980,DETECTED
-0.289896,-0.366019,50.000000,0.852821,DETECTED
-0.271931,-0.060667,50.000000,0.980296,DETECTED
0.522906,0.314214,50.000000,0.970590,DETECTED
-0.982952,1.094056,50.000000,0.836017,DETECTED
0.359520,-1.485867,50.000000,0.914340,DETECTED
-0.155042,-0.004122,50.000000,0.980296,DETECTED
-1.520146,-1.098816,50.000000,0.932718,DETECTED
-0.235849,0.029533,50.000000,0.970590,DETECTED
0.222920,0.638696,50.000000,0.914340,DETECTED
-0.559526,0.095080,50.000000,0.960980,DETECTED
0.191594,0.006987,50.000000,0.970590,DETECTED
-0.848959,-0.398905,50.000000,0.811430,DETECTED
0.552628,-0.788780,50.000000,0.960980,DETECTED
0.039274,-0.012638,50.000000,0.970590,DETECTED
0.654282,0.660461,50.000000,0.932718,DETECTED
1.913530,-1.242756,50.000000,0.545000,DETECTED
-0.261075,1.175307,50.000000,0.012424,DETECTED
2.375051,-4.062326,50.000000,0.358838,DETECTED
-0.033263,-0.053639,50.000000,0.970590,DETECTED
-1.232659,2.718468,50.000000,0.896324,DETECTED
1.314723,-2.121413,50.000000,0.764404,DETECTED
-0.078397,-0.003800,50.000000,0.980296,DETECTED
1.126431,0.527206,50.000000,0.923483,DETECTED
-0.056477,-0.361127,50.000000,0.951466,DETECTED
-0.467971,-0.543263,50.000000,0.942045,DETECTED
-0.669845,0.183621,50.000000,0.942045,DETECTED
-0.019666,-0.000090,50.000000,0.980296,DETECTED
0.381296,-0.144822,50.000000,0.951466,DETECTED
-5.209300,16.179909,44.192039,0.000000,TERMINATED
-3.523433,-3.010606,50.000000,0.803396,DETECTED
-0.329324,1.045348,50.000000,0.772048,DETECTED
4.746798,2.427051,50.000000,0.369711,DETECTED
-1.084355,-0.185622,50.000000,0.923483,DETECTED
-0.075382,-0.400068,50.000000,0.951466,DETECTED
1.343513,0.185754,50.000000,0.896324,DETECTED
0.022670,1.129454,50.000000,0.844378,DETECTED
-0.229531,-0.332723,50.000000,0.970590,DETECTED
-0.003520,-0.009126,50.000000,0.980296,DETECTED
20.164202,-0.724945,30.375433,0.000000,TERMINATED
-2.107182,-2.300031,50.000000,0.518549,DETECTED
0.173790,-1.736344,50.000000,0.578528,DETECTED
2.265991,1.293253,50.000000,0.749342,DETECTED
0.825476,1.135511,50.000000,0.764404,DETECTED
0.557419,-0.765316,50.000000,0.887449,DETECTED
0.614973,0.393221,50.000000,0.932718,DETECTED
-0.347762,-0.446116,50.000000,0.896324,DETECTED
-15.718884,-5.746319,28.283077,0.000000,TERMINATED
-6.002785,-9.836297,50.052837,0.253309,ESCAPED
-0.278820,-0.153753,50.000000,0.741923,DETECTED
-2.179192,-4.359803,35.312923,0.000000,TERMINATED
0.010927,2.970592,50.000000,0.819544,DETECTED
0.516604,0.804335,50.000000,0.861350,DETECTED
1.102518,19.195345,36.784592,0.000000,TERMINATED
-0.363182,-0.005703,50.000000,0.980296,DETECTED
-13.606233,-5.087760,16.568914,0.000000,TERMINATED
-0.765391,-0.677582,50.000000,0.887449,DETECTED
-0.058670,0.592046,50.000000,0.980296,DETECTED
-0.539263,0.373102,50.000000,0.795442,DETECTED
-0.293002,-0.157139,50.000000,0.970590,DETECTED
-0.288082,0.378642,50.000000,0.960980,DETECTED
-2.235436,1.577107,50.000000,0.819544,DETECTED
-0.766984,-1.765352,50.000000,0.795442,DETECTED
0.580193,0.339243,50.000000,0.896324,DETECTED
-0.027563,-0.380744,50.000000,0.827740,DETECTED
1.082288,-1.474513,50.000000,0.584314,DETECTED
6.341162,2.469638,50.000000,0.000228,DETECTED
1.963184,-0.995585,50.000000,0.905287,DETECTED
1.322712,-1.406533,50.000000,0.914340,DETECTED
-0.112890,0.065839,50.000000,0.980296,DETECTED
-0.038551,-0.035562,50.000000,0.970590,DETECTED
0.484190,26.259071,20.835562,0.000000,TERMINATED
-3.978029,-8.128782,50.000000,0.009036,DETECTED
-0.302788,0.740986,50.000000,0.970590,DETECTED
-0.129242,-1.939198,50.000000,0.665003,DETECTED
0.197749,1.061235,50.000000,0.960980,DETECTED
-0.291121,0.078703,50.000000,0.980296,DETECTED
-0.714687,0.913132,50.000000,0.960980,DETECTED
0.528032,0.239574,50.000000,0.960980,DETECTED
0.311435,-1.164647,50.000000,0.665003,DETECTED
-0.806718,0.079427,50.000000,0.942045,DETECTED
0.019787,-0.264995,50.000000,0.970590,DETECTED
0.309786,0.313847,50.000000,0.960980,DETECTED
5.369707,-2.598444,50.000000,0.488496,DETECTED
-0.375828,-0.537658,50.000000,0.852821,DETECTED
2.644505,3.041249,50.000000,0.741923,DETECTED
1.090994,-3.793912,50.000000,0.021053,DETECTED
-0.275965,-0.252610,50.000000,0.960980,DETECTED
-0.504436,0.588484,50.000000,0.596058,DETECTED
1.384555,0.053157,50.000000,0.844378,DETECTED
0.140557,-0.730565,50.000000,0.887449,DETECTED
2.198254,-2.967487,50.000000,0.508331,DETECTED
-0.054087,0.932523,50.000000,0.951466,DETECTED
-0.048932,0.033996,50.000000,0.980296,DETECTED
-1.630707,0.624132,50.000000,0.844378,DETECTED
0.205197,0.512953,50.000000,0.960980,DETECTED
0.018756,0.052428,50.000000,0.980296,DETECTED
-0.084372,-0.745556,50.000000,0.942045,DETECTED
0.081463,0.194526,50.000000,0.960980,DETECTED
0.272011,1.093245,50.000000,0.734577,DETECTED
0.836143,-2.432094,50.000000,0.861350,DETECTED
0.338447,0.045232,50.000000,0.970590,DETECTED
1.488470,0.519081,50.000000,0.923483,DETECTED
-0.092245,-0.181317,50.000000,0.980296,DETECTED
-2.083470,1.772228,50.000000,0.749342,DETECTED
1.819118,-0.330103,50.000000,0.914340,DETECTED
0.007329,-0.003737,50.000000,0.980296,DETECTED
0.108945,-0.429122,50.000000,0.951466,DETECTED
-0.071032,-0.038406,50.000000,0.942045,DETECTED
-0.032891,-0.058900,50.000000,0.980296,DETECTED
0.094402,0.173823,50.000000,0.980296,DETECTED
0.241099,0.231541,50.000000,0.960980,DETECTED
0.310865,0.219496,50.000000,0.861350,DETECTED
0.012098,0.870208,50.000000,0.960980,DETECTED
0.085658,0.487408,50.000000,0.951466,DETECTED
-0.224328,0.092616,50.000000,0.749342,DETECTED
-1.170524,0.768048,50.000000,0.787566,DETECTED
2.773157,5.680352,50.000000,0.291172,DETECTED
-0.869740,0.293476,50.000000,0.951466,DETECTED
0.491587,0.965261,50.000000,0.932718,DETECTED
-0.458835,0.794986,50.000000,0.942045,DETECTED
1.128869,-1.332520,50.000000,0.819544,DETECTED
3.548901,-0.443606,50.000000,0.513414,DETECTED
3.882879,1.093980,50.000000,0.795442,DETECTED
-0.204046,-1.572531,50.000000,0.942045,DETECTED
0.373307,-1.730106,50.000000,0.712973,DETECTED
-1.200893,1.273998,50.000000,0.852821,DETECTED
-0.124858,-0.027892,50.000000,0.980296,DETECTED
0.057692,-0.169814,50.000000,0.960980,DETECTED
2.855883,0.366118,50.000000,0.734577,DETECTED
-2.961368,0.647500,50.000000,0.671653,DETECTED
-1.851977,2.666590,40.175594,0.000000,TERMINATED
-12.239455,12.454663,44.775455,0.000000,TERMINATED
1.968061,0.241263,50.000000,0.369711,DETECTED
-0.144208,0.063188,50.000000,0.980296,DETECTED
8.011063,-2.391725,50.000000,0.474130,DETECTED
-0.522570,-0.064372,50.000000,0.905287,DETECTED
-0.215437,-5.829489,50.000000,0.279811,DETECTED
0.059317,-1.018911,50.000000,0.951466,DETECTED
0.046465,-0.483389,50.000000,0.970590,DETECTED
9.399635,-1.329251,50.000000,0.007332,DETECTED
1.975049,1.816634,50.000000,0.811430,DETECTED
-0.202402,-0.546487,50.000000,0.932718,DETECTED
-0.040265,-0.591046,50.000000,0.970590,DETECTED
-0.147168,-0.009565,50.000000,0.942045,DETECTED
2.589813,-1.921659,50.000000,0.741923,DETECTED
0.323672,0.483414,50.000000,0.970590,DETECTED
-0.173595,0.294289,50.000000,0.980296,DETECTED
-0.000190,0.096434,50.000000,0.970590,DETECTED
-0.304035,1.736510,50.000000,0.960980,DETECTED
0.001224,-0.000176,50.000000,0.980296,DETECTED
0.088163,-0.139022,50.000000,0.960980,DETECTED
0.533102,0.205343,50.000000,0.970590,DETECTED
-0.910977,0.208296,50.000000,0.923483,DETECTED
-0.034570,0.789243,50.000000,0.764404,DETECTED
-1.254147,0.490439,50.000000,0.932718,DETECTED
-0.104811,-0.745187,50.000000,0.942045,DETECTED
0.059254,-0.080352,50.000000,0.980296,DETECTED
0.177340,2.068355,50.000000,0.852821,DETECTED
0.307716,-0.118025,50.000000,0.960980,DETECTED
-2.700267,10.645637,50.133110,0.195567,ESCAPED
10.038140,-6.424592,41.351681,0.000000,TERMINATED
-1.006136,4.283020,50.000000,0.720103,DETECTED
-0.521676,-3.538609,50.000000,0.698925,DETECTED
1.321264,0.579835,50.000000,0.960980,DETECTED
16.134968,8.942711,50.004848,0.000339,ESCAPED
-1.326857,1.523008,50.000000,0.905287,DETECTED
-0.144759,-0.330542,50.000000,0.980296,DETECTED
-0.311853,-0.317982,50.000000,0.980296,DETECTED
-0.234100,-0.503621,50.000000,0.980296,DETECTED
0.043191,-0.020844,50.000000,0.980296,DETECTED
0.142551,-0.663108,50.000000,0.819544,DETECTED
-0.192483,-0.825288,50.000000,0.678370,DETECTED
0.501190,-0.310752,50.000000,0.567129,DETECTED
2.222517,-0.623368,50.000000,0.827740,DETECTED
-0.794108,0.513595,50.000000,0.960980,DETECTED
1.149504,-1.669497,50.000000,0.878663,DETECTED
2.265913,-0.102294,50.000000,0.741923,DETECTED
0.911744,0.545066,50.000000,0.960980,DETECTED
0.615847,1.743345,50.000000,0.561514,DETECTED
-0.087826,3.229401,50.000000,0.291172,DETECTED
0.609316,2.221243,50.000000,0.836017,DETECTED
0.316124,-1.587930,50.000000,0.905287,DETECTED
2.494763,-1.086795,50.000000,0.869963,DETECTED
-3.307474,3.770740,50.000000,0.483660,DETECTED
-0.770234,0.866632,50.000000,0.960980,DETECTED
-0.830815,0.023646,50.000000,0.923483,DETECTED
0.112195,0.864112,50.000000,0.970590,DETECTED
-1.060887,-3.183194,50.000000,0.705914,DETECTED
1.344485,0.644259,50.000000,0.887449,DETECTED
-0.158728,-0.060495,50.000000,0.970590,DETECTED
0.090008,-0.030870,50.000000,0.980296,DETECTED
-0.309746,1.129020,50.000000,0.852821,DETECTED
3.131551,1.662405,50.000000,0.474130,DETECTED
-0.407593,0.156981,50.000000,0.951466,DETECTED
0.024226,0.104438,50.000000,0.980296,DETECTED
-1.377544,-2.844362,50.000000,0.469435,DETECTED
2.959456,1.116157,50.000000,0.608039,DETECTED
0.287792,-0.162593,50.000000,0.923483,DETECTED
-41.816174,0.067632,42.283333,0.000000,TERMINATED
3.499973,-1.528584,50.000000,0.626463,DETECTED
-1.427328,13.476297,50.477097,0.000576,ESCAPED
1.014209,-0.061055,50.000000,0.324851,DETECTED
-0.161577,0.157157,50.000000,0.980296,DETECTED
1.304896,-0.290835,50.000000,0.844378,DETECTED
-0.037176,-0.492346,50.000000,0.980296,DETECTED
-0.347235,-0.481271,50.000000,0.970590,DETECTED
-8.093329,-8.506523,35.040955,0.000000,TERMINATED
6.270563,3.624536,50.000000,0.250801,DETECTED
-0.585290,0.330395,50.000000,0.596058,DETECTED
7.849955,2.001681,50.000000,0.032294,DETECTED
0.087061,-0.117048,50.000000,0.970590,DETECTED
-0.090009,-0.443554,50.000000,0.951466,DETECTED
5.234707,-0.596225,50.000000,0.236266,DETECTED
0.031588,-0.613614,50.000000,0.970590,DETECTED
0.514734,-0.564102,50.000000,0.970590,DETECTED
-4.982368,-19.750530,42.234718,0.000000,TERMINATED
-0.176837,0.232941,50.000000,0.980296,DETECTED
0.438374,-0.507120,50.000000,0.970590,DETECTED
0.003981,2.063774,50.000000,0.861350,DETECTED
0.192680,-0.197531,50.000000,0.951466,DETECTED
-1.476915,-2.861403,50.000000,0.764404,DETECTED
0.518929,-0.323961,50.000000,0.970590,DETECTED
0.109323,1.762025,50.000000,0.844378,DETECTED
0.034143,0.000268,50.000000,0.980296,DETECTED
-2.947662,-2.172866,50.000000,0.451118,DETECTED
2.684459,2.932720,50.000000,0.408391,DETECTED
0.837349,0.473099,50.000000,0.844378,DETECTED
-2.238694,0.241307,50.000000,0.734577,DETECTED
-1.506409,-0.836830,50.000000,0.914340,DETECTED
-1.409464,0.044598,50.000000,0.878663,DETECTED
-0.460168,0.048378,50.000000,0.932718,DETECTED
-1.053008,0.187645,50.000000,0.795442,DETECTED
12.465376,12.126958,45.290432,0.000000,TERMINATED
1.636585,4.821201,50.000000,0.727304,DETECTED
-0.047189,0.038938,50.000000,0.980296,DETECTED
1.209607,6.248550,50.000000,0.493381,DETECTED
0.385431,0.058556,50.000000,0.914340,DETECTED
-0.142707,0.969640,50.000000,0.951466,DETECTED
0.394374,0.733125,50.000000,0.960980,DETECTED
1.758048,-4.274320,50.000000,0.545000,DETECTED
-0.075094,-6.964959,44.983498,0.000000,TERMINATED
0.790815,-1.814106,50.000000,0.878663,DETECTED
0.149118,-0.042194,50.000000,0.942045,DETECTED
1.141713,1.937235,50.000000,0.819544,DETECTED
-0.311541,-0.017516,50.000000,0.960980,DETECTED
0.051286,5.892894,50.000000,0.297025,DETECTED
0.633064,0.214068,50.000000,0.905287,DETECTED
0.073381,-1.080498,50.000000,0.705914,DETECTED
-0.750694,-0.522667,50.000000,0.914340,DETECTED
-0.083610,0.365796,50.000000,0.970590,DETECTED
-0.064587,-0.933335,50.000000,0.844378,DETECTED
-2.888640,2.382378,50.000000,0.412475,DETECTED
4.977854,0.129149,50.000000,0.250801,DETECTED
-1.070971,0.686192,50.000000,0.960980,DETECTED
0.176644,0.030443,50.000000,0.980296,DETECTED
-0.028518,0.088947,50.000000,0.970590,DETECTED
-0.062250,-1.536342,50.000000,0.932718,DETECTED
0.396820,1.200065,50.000000,0.905287,DETECTED
0.113355,0.464824,50.000000,0.923483,DETECTED
-0.695829,-2.129037,50.000000,0.518549,DETECTED
-0.737444,0.540727,50.000000,0.836017,DETECTED
0.748995,-0.099212,50.000000,0.844378,DETECTED
-0.111942,2.114998,50.000000,0.741923,DETECTED
-0.326222,-0.779586,50.000000,0.951466,DETECTED
-0.278610,0.186374,50.000000,0.970590,DETECTED
0.114981,-0.364821,50.000000,0.819544,DETECTED
-0.770046,-0.448852,50.000000,0.914340,DETECTED
-1.942260,-1.341527,50.000000,0.424974,DETECTED
0.510452,-0.047225,50.000000,0.923483,DETECTED
2.828221,-1.434519,50.000000,0.451118,DETECTED
-1.425440,-1.742999,50.000000,0.639055,DETECTED
-2.151701,-0.056322,50.000000,0.852821,DETECTED
-0.581210,2.386932,50.000000,0.685153,DETECTED
2.183091,-0.697556,50.000000,0.896324,DETECTED
0.398069,-0.004429,50.000000,0.980296,DETECTED
0.619924,-1.729200,50.000000,0.878663,DETECTED
-5.555495,-1.271782,50.000000,0.523734,DETECTED
-2.940463,-2.956896,50.000000,0.852821,DETECTED
14.116643,-2.677217,26.457407,0.000000,TERMINATED
-0.855017,0.443645,50.000000,0.960980,DETECTED
0.038939,-0.016237,50.000000,0.980296,DETECTED
8.832343,-4.517727,50.000000,0.218188,DETECTED
-0.175334,-0.420598,50.000000,0.980296,DETECTED
23.117071,3.189770,37.410225,0.000000,TERMINATED
0.075832,0.106351,50.000000,0.970590,DETECTED
0.442725,1.550273,50.000000,0.429223,DETECTED
1.472887,0.399610,50.000000,0.384723,DETECTED
-1.703136,0.588559,50.000000,0.734577,DETECTED
-2.291526,6.304133,50.000000,0.089997,DETECTED
0.218948,-0.075801,50.000000,0.970590,DETECTED
-0.128765,0.016344,50.000000,0.980296,DETECTED
-0.330547,-0.533568,50.000000,0.960980,DETECTED
0.334903,-0.697740,50.000000,0.437851,DETECTED
-0.474414,1.025110,50.000000,0.970590,DETECTED
0.429216,2.912402,50.000000,0.614119,DETECTED
14.291246,-6.689953,28.547194,0.000000,TERMINATED
-7.633618,-3.462810,24.474968,0.000000,TERMINATED
-0.123471,0.651134,50.000000,0.942045,DETECTED
1.122105,0.087148,50.000000,0.951466,DETECTED
-0.014495,0.011821,50.000000,0.980296,DETECTED
0.503353,-0.323812,50.000000,0.942045,DETECTED
20.709835,7.198164,50.002029,0.009592,ESCAPED
-0.803051,-1.762881,50.000000,0.819544,DETECTED
1.232150,1.716938,50.000000,0.914340,DETECTED
0.272250,-0.008093,50.000000,0.951466,DETECTED
1.301536,0.055267,50.000000,0.932718,DETECTED
-2.164302,3.246269,50.000000,0.539604,DETECTED
-0.397435,-0.356565,50.000000,0.942045,DETECTED
-3.960586,2.155372,50.000000,0.614119,DETECTED
0.267742,0.033267,50.000000,0.596058,DETECTED
14.362207,7.681584,40.005955,0.000000,TERMINATED
0.166779,0.135174,50.000000,0.960980,DETECTED
3.347885,1.065320,50.000000,0.614119,DETECTED
-0.269352,-0.163975,50.000000,0.980296,DETECTED
1.127021,-0.280530,50.000000,0.942045,DETECTED
0.438778,0.151575,50.000000,0.980296,DETECTED
-0.192366,-1.145216,50.000000,0.827740,DETECTED
-0.181579,-0.534979,50.000000,0.980296,DETECTED
5.693118,3.906306,50.000000,0.187936,DETECTED
-0.981128,-0.128182,50.000000,0.852821,DETECTED
-0.126286,0.095674,50.000000,0.942045,DETECTED
-2.008929,-0.739346,50.000000,0.827740,DETECTED
-0.249035,-0.807720,50.000000,0.980296,DETECTED
4.096921,-1.905202,50.000000,0.392456,DETECTED
-0.242332,-0.133607,50.000000,0.980296,DETECTED
-4.841040,2.772057,35.590694,0.000000,TERMINATED
0.213470,0.957461,50.000000,0.942045,DETECTED
-0.036411,0.215665,50.000000,0.896324,DETECTED
-1.063965,-2.645002,50.000000,0.344836,DETECTED
0.605459,0.470895,50.000000,0.951466,DETECTED
-1.739802,0.582474,50.000000,0.844378,DETECTED
-0.475000,0.098057,50.000000,0.951466,DETECTED
-2.672417,3.941304,50.000000,0.016254,DETECTED
0.160230,-0.416673,50.000000,0.914340,DETECTED
-1.385666,0.333735,50.000000,0.720103,DETECTED
-0.329507,0.163326,50.000000,0.960980,DETECTED
-0.061998,0.016391,50.000000,0.980296,DETECTED
-0.308983,-0.266923,50.000000,0.960980,DETECTED
-0.770023,-1.872087,50.000000,0.626463,DETECTED
-0.024944,0.129263,50.000000,0.951466,DETECTED
-6.941332,0.868881,50.000000,0.396380,DETECTED
0.256075,-0.815789,50.000000,0.923483,DETECTED
-0.081060,-1.214509,50.000000,0.960980,DETECTED
-10.495268,0.610114,47.243069,0.000000,TERMINATED
4.548967,-5.454420,50.000000,0.003727,DETECTED
-0.140097,0.825017,50.000000,0.734577,DETECTED
-0.871730,1.954109,50.000000,0.639055,DETECTED
0.237698,0.144261,50.000000,0.932718,DETECTED
0.480790,-0.150361,50.000000,0.970590,DETECTED
-0.077965,0.047553,50.000000,0.932718,DETECTED
5.261582,-1.264832,50.000000,0.658419,DETECTED
-1.763366,2.441528,50.000000,0.819544,DETECTED
-1.340616,-3.068954,50.000000,0.727304,DETECTED
-5.217485,3.239161,50.000000,0.160276,DETECTED
0.005106,0.025118,50.000000,0.980296,DETECTED
-0.585765,0.616980,50.000000,0.960980,DETECTED
1.132415,1.813979,50.000000,0.550450,DETECTED
-2.988939,-0.271827,50.000000,0.460185,DETECTED
-0.615261,-2.448300,50.000000,0.772048,DETECTED
-0.147485,-1.363103,50.000000,0.869963,DETECTED
-23.085667,-12.370234,26.292805,0.000000,TERMINATED
-10.540221,-9.232051,46.069302,0.000000,TERMINATED
-1.019071,0.392335,50.000000,0.852821,DETECTED
-1.069921,-0.784424,50.000000,0.914340,DETECTED
-0.012403,-0.017368,50.000000,0.980296,DETECTED
-1.200883,0.704502,50.000000,0.932718,DETECTED
-1.829033,-0.319807,50.000000,0.905287,DETECTED
-7.897099,12.193375,31.845636,0.000000,TERMINATED
1.060777,1.175975,50.000000,0.258400,DETECTED
-0.226927,1.382056,50.000000,0.362426,DETECTED
-22.608097,-3.988573,39.675697,0.000000,TERMINATED
-0.467227,-0.012104,50.000000,0.970590,DETECTED
-1.599366,2.274219,40.136688,0.000000,TERMINATED
-0.435823,0.722828,50.000000,0.923483,DETECTED
-1.073545,-0.729369,50.000000,0.087350,DETECTED
2.686307,1.789971,50.000000,0.253309,DETECTED
0.007427,-0.018587,50.000000,0.980296,DETECTED
0.799225,-1.190063,50.000000,0.914340,DETECTED
-0.239577,-0.152312,50.000000,0.905287,DETECTED
-3.741628,1.185253,50.000000,0.614119,DETECTED
-0.373658,-0.190547,50.000000,0.960980,DETECTED
-2.068340,0.081938,50.000000,0.712973,DETECTED
-0.925574,0.697342,50.000000,0.970590,DETECTED
2.397401,1.344873,50.000000,0.488496,DETECTED
-0.578384,-0.179880,50.000000,0.951466,DETECTED
2.229019,-0.082261,50.000000,0.811430,DETECTED
-1.062619,0.080563,50.000000,0.960980,DETECTED
0.464582,-0.015229,50.000000,0.914340,DETECTED
1.445409,0.393948,50.000000,0.741923,DETECTED
1.523085,-1.130196,50.000000,0.539604,DETECTED
3.331009,-1.962365,50.000000,0.705914,DETECTED
-0.043233,0.085018,50.000000,0.980296,DETECTED
-0.953832,-5.167437,50.000000,0.678370,DETECTED
1.020128,0.223300,50.000000,0.951466,DETECTED
-0.053019,-0.147256,50.000000,0.811430,DETECTED
-0.073815,-0.957608,50.000000,0.951466,DETECTED
-0.432663,0.334520,50.000000,0.960980,DETECTED
0.086652,0.196870,50.000000,0.749342,DETECTED
4.933697,0.160913,50.000000,0.315298,DETECTED
-0.463007,1.194179,50.000000,0.861350,DETECTED
1.567332,-1.503386,50.000000,0.787566,DETECTED
-1.620161,1.044749,50.000000,0.942045,DETECTED
2.171420,1.419523,50.000000,0.408391,DETECTED
-0.075205,-0.060227,50.000000,0.980296,DETECTED
-0.127053,0.237918,30.487432,0.000000,TERMINATED
0.123389,0.527900,50.000000,0.970590,DETECTED
-0.016936,0.012398,50.000000,0.980296,DETECTED
-2.078463,-0.975285,50.000000,0.705914,DETECTED
-1.289825,-0.053044,50.000000,0.658419,DETECTED
-10.483467,3.261113,30.566700,0.000000,TERMINATED
-0.360091,0.649042,50.000000,0.878663,DETECTED
0.933273,-6.280448,50.000000,0.328100,DETECTED
0.118542,-0.755552,50.000000,0.878663,DETECTED
1.720678,1.497860,50.000000,0.727304,DETECTED
-0.255141,-0.544977,50.000000,0.578528,DETECTED
-0.401140,0.277761,50.000000,0.951466,DETECTED
-0.923699,0.438302,50.000000,0.923483,DETECTED
0.029478,0.846142,50.000000,0.970590,DETECTED
-0.455923,-0.927539,50.000000,0.951466,DETECTED
-0.952008,-0.893275,50.000000,0.869963,DETECTED
-3.462697,-1.990187,50.000000,0.539604,DETECTED
0.966603,0.128220,50.000000,0.887449,DETECTED
1.449947,-1.169855,50.000000,0.692005,DETECTED
-1.823529,1.862796,50.000000,0.315298,DETECTED
0.658145,-0.177677,50.000000,0.932718,DETECTED
-6.289357,0.796423,50.000000,0.338042,DETECTED
0.237947,-0.148485,50.000000,0.970590,DETECTED
-0.231820,0.033777,50.000000,0.980296,DETECTED
1.020851,-0.788027,50.000000,0.749342,DETECTED
0.018924,-0.024645,50.000000,0.980296,DETECTED
-0.383550,-0.220967,50.000000,0.942045,DETECTED
0.040575,-0.081546,50.000000,0.980296,DETECTED
-0.321280,-1.130718,50.000000,0.392456,DETECTED
0.474647,-2.033000,50.000000,0.772048,DETECTED
-2.398119,1.833827,50.000000,0.596058,DETECTED
-0.153611,-1.788100,50.000000,0.377142,DETECTED
-0.000836,0.017629,50.000000,0.980296,DETECTED
-0.009754,-0.024032,50.000000,0.980296,DETECTED
0.149901,0.100053,50.000000,0.932718,DETECTED
-1.201683,1.030647,50.000000,0.836017,DETECTED
17.274582,9.699931,39.206757,0.000000,TERMINATED
-1.178701,0.221526,50.000000,0.951466,DETECTED
-1.048954,0.216562,50.000000,0.951466,DETECTED
-2.199673,-1.559130,50.000000,0.905287,DETECTED
-0.303362,0.374512,50.000000,0.951466,DETECTED
-1.073551,0.209533,50.000000,0.596058,DETECTED
-0.347352,0.382811,50.000000,0.970590,DETECTED
1.021974,0.380848,50.000000,0.488496,DETECTED
1.529939,4.871382,50.000000,0.009497,DETECTED
0.219108,0.635315,50.000000,0.942045,DETECTED
0.041535,-0.720831,50.000000,0.960980,DETECTED
1.370260,1.512174,50.000000,0.803396,DETECTED
0.044213,-1.206627,50.000000,0.932718,DETECTED
2.088535,3.120512,50.000000,0.705914,DETECTED
-0.341081,-0.136922,50.000000,0.951466,DETECTED
-3.032257,-2.987764,50.000000,0.596058,DETECTED
-0.312925,0.115492,50.000000,0.980296,DETECTED
-2.179801,-0.922238,50.000000,0.455629,DETECTED
-0.305522,1.075081,50.000000,0.923483,DETECTED
